Date,Company,Job Title,URL,Status
2026-03-15,Roadie,Software Engineer Intern,https://job-boards.greenhouse.io/roadie/jobs/8431926002,Applied
2026-03-15,webAI,ML Engineer Intern,https://jobs.ashbyhq.com/webAI/d4d6bcde-2c73-4c56-b41c-841e405dda9e/application,Applied
2026-03-16,Alloy,Software Engineering Intern,https://job-boards.greenhouse.io/alloycampus/jobs/8393342002,Applied
2026-03-16,Viant Technology,Engineering Internship - Summer 2026,https://job-boards.greenhouse.io/vianttechnology/jobs/4094870009,Applied
2026-03-16,Starburst,Software Engineering Intern,https://job-boards.greenhouse.io/starburst/jobs/5123053008,Applied
2026-03-16,Rockwell Automation,"Intern, Innovation Platform Software Engineer",https://app.ripplematch.com/v2/public/job/4df19647?from_page=company_branded_page&utm_source=Indeed&utm_medium=organic_social&utm_campaign=growth_indeed&utm_content=app_hyperlink&utm_term=null,Applied
2026-03-16,Virtru,Software Developer Intern,https://job-boards.greenhouse.io/virtru/jobs/4653403005,Applied
2026-03-16,Quest Analytics,Software Engineer Intern - C# ASP.NET - Summer 2026,https://jobs.lever.co/questanalytics/65957790-a3b2-4000-882a-86a23a697ee1/apply,Applied
2026-03-16,Symmetry Systems,Full Stack Software Engineer - 2026 Summer Intern,https://jobs.lever.co/SymmetrySystems/dbca271b-a99b-48ab-83f2-b596a037ad65/apply,Applied
2026-03-16,Madison Energy Infrastructure,Digital Intern - Summer 2026,https://job-boards.greenhouse.io/madisonenergyinfrastructure/jobs/4174929009,Applied
2026-03-16,AccuWeather,Product Analyst Intern (Spring/Summer 2026),https://job-boards.greenhouse.io/accuweather/jobs/7453001,Applied
2026-04-01,SpecterOps,Software Engineer Intern,https://job-boards.greenhouse.io/specterops/jobs/8490047002,Applied
2026-03-16,Lightspeed Systems,Intern 2026,https://job-boards.greenhouse.io/lightspeedsystems/jobs/7605651003,Applied
2026-03-16,LaunchDarkly,Fullstack Software Engineer Intern,https://job-boards.greenhouse.io/launchdarkly/jobs/7632240003,Applied
2026-03-16,Shipt,Engineering Intern - Frontend (Internal Tools),https://app.ripplematch.com/v2/student/recommendations/role/bc241cca,Applied
2026-03-16,Affirm,Software Engineering Intern - Summer 2026,https://job-boards.greenhouse.io/affirm/jobs/7528020003,Applied
2026-03-16,SimpliFed,Junior Full Stack Engineer,https://job-boards.greenhouse.io/simplifed/jobs/5082277008,Applied
2026-03-16,Loop,"2026 New Grad | Software Engineer, Full-Stack",https://job-boards.greenhouse.io/loop/jobs/5780582004,Applied
2026-03-16,Delinea,Software Engineering Intern - Summer 2026,https://jobs.ashbyhq.com/delinea/3eed48b7-b60c-4c50-adc2-4523337e1592/application,Applied
2026-03-16,Unwrap,Full Stack Engineer Intern,https://jobs.ashbyhq.com/unwrap/aa875007-108e-492b-86ad-1849f8740c5a/application,Applied
2026-03-17,Barracuda Networks,Software Engineer Intern,https://jobs.jobvite.com/barracuda-networks-inc/job/oO9Yyfwd,Applied
2026-03-17,Barracuda Networks,Software Engineer Intern,https://jobs.jobvite.com/barracuda-networks-inc/job/oYFXyfwS,Applied
2026-03-17,Mine,Software Engineering Intern (Summer 2026),https://www.ycombinator.com/companies/mine/jobs/FlsEpFX-software-engineering-intern-summer-2026,Applied
2026-03-17,Karmen,Software Engineer Intern,https://www.workatastartup.com/jobs/91093,Applied
2026-03-17,Reacher,Software Engineer Intern (Fall 2025/Summer 2026),https://www.workatastartup.com/jobs/80430,Applied
2026-03-17,SimCare,"Technical Intern (in person, summer '26)",https://www.workatastartup.com/jobs/69269,Applied
2026-03-17,Crustdata,Software Engineering Intern (Forward Deployed) | Summer 2026,https://www.workatastartup.com/jobs/89156,Applied
2026-03-17,Cyble,Software Engineering Intern (Front-End / Back-End),https://www.workatastartup.com/jobs/72178,Applied
2026-03-17,Minitab,Software Engineering Intern,https://job-boards.greenhouse.io/minitab/jobs/7588696003,Applied
2026-03-18,RefinedScience,Software Developer Intern,https://job-boards.greenhouse.io/refinedscience/jobs/5097090008,Applied
2026-03-18,"Modernizing Medicine, Inc.",Software Architect - Intern,https://job-boards.greenhouse.io/modernizingmedicineinc/jobs/8307542002,Applied
2026-03-18,GPTZero,Software Engineering Intern,https://jobs.ashbyhq.com/GPTZero/e1f12af2-d017-4fca-a9af-99431d989d53/application,Applied
2026-03-19,ExoAnalytic Solutions,Software Engineer Intern,https://job-boards.greenhouse.io/exoanalyticsolutions/jobs/4116880009,Applied
2026-03-19,Mytra,2026 Summer Internship,https://ats.rippling.com/mytra/jobs/7f73cf84-8895-4ed2-9126-43491cd2a1a1,Applied
2026-03-20,Nex,Summer 2026 Software Engineer Intern (Game Development),https://job-boards.greenhouse.io/nex/jobs/5057399008,Applied
2026-03-20,Zeta,Software Engineer Intern - Attribution,https://job-boards.greenhouse.io/zetasummerinternship/jobs/5745750004,Applied
2026-03-20,Cloudflare,"Software Engineer Intern (Summer 2026) - Austin, TX",https://job-boards.greenhouse.io/cloudflare/jobs/7206269,Applied
2026-03-20,Bandwidth,Software Development Intern (SW Infrastructure) - Summer 2026,https://job-boards.greenhouse.io/bandwidth/jobs/7386207,Applied
2026-03-20,Raptor Maps,Summer 2026 Software Engineering Internship,https://ats.rippling.com/raptor-maps-inc/jobs/ac5cb55e-c8b6-4353-aa72-d4e7f1683f53,Applied
2026-03-20,Authentic,"Software Engineer, Intern",https://job-boards.greenhouse.io/authenticinsurance/jobs/4134284009?gh_src=cpr5yjy39us,Applied
2026-03-20,Smiths Detection,"Software Engineering Intern (Cyber focus)",https://jobs.smartrecruiters.com/SmithsGroup2/744000113583967-software-engineering-intern-cyber-focus-,Applied
2026-03-20,SharkNinja,"Summer 2026: Mobile App Developer Intern (May to August)",https://job-boards.greenhouse.io/sharkninjaoperatingllc/jobs/4601474006,Applied
2026-03-20,Ritual,"Software Engineer Intern",https://job-boards.greenhouse.io/ritual/jobs/4068271007,Applied
2026-03-22,Impiricus,"Intern - Software Engineer (Backend)",https://job-boards.greenhouse.io/impiricus/jobs/5160169008,Applied
2026-03-22,CACI International Inc.,"Software Development Intern - Summer 2026",https://caci.wd1.myworkdayjobs.com/en-US/External/job/US-VA-Ashburn/Software-Development-Intern---Summer-2026_318816,Applied
2026-03-24,EquipmentShare,"Intern: Software Engineer",https://www.equipmentshare.com/careers/openings/7743526/intern-software-engineer-at-columbia-mo-corporate?gh_jid=7743526&utm_source=Simplify&ref=Simplify,Applied
2026-03-24,Guild Education,Software Engineering Intern,https://guild.com/open-positions-at-guild?gh_jid=7740252&utm_source=Simplify&ref=Simplify,Applied
2026-03-24,Mercedes-Benz R&D North America,"Software Developer Internship",https://jobs.lever.co/MBRDNA/bf597528-079f-47a1-965f-def393590f02/apply?utm_source=Simplify&ref=Simplify,Applied
2026-03-24,Ingram Micro,"Summer Intern - Developer",https://ingrammicro.wd5.myworkdayjobs.com/en-US/IngramMicro/job/Williamsville%2C-NY%2C-United-States-of-America/Summer-Intern---Developer_R-114438?utm_source=Simplify&ref=Simplify,Applied
2026-03-24,Rexford Industrial,"Technology Intern – AI and Automation (Summer 2026)",https://job-boards.greenhouse.io/rexfordindustrial/jobs/5835020004?utm_source=Simplify&ref=Simplify,Applied
2026-03-24,EquipmentShare,"Intern: Software Engineer",https://www.equipmentshare.com/careers/openings/7743526/intern-software-engineer-at-columbia-mo-corporate?gh_jid=7743526&utm_source=Simplify&ref=Simplify,Applied
2026-03-24,Experian,"AI SWE Summer Intern (Remote & Paid)",https://jobs.smartrecruiters.com/oneclick-ui/company/Experian/publication/dfd1b99c-e055-4767-a0ae-54b7971af73b/screening?dcr_ci=Experian,Applied
2026-03-24,SanMar,"IT Intern, Software Development",https://job-boards.greenhouse.io/sanmar/jobs/5084702007?gh_jid=5084702007&utm_source=Simplify&ref=Simplify,Applied
2026-03-24,BS&A Software,"Customer Solutions Intern (ERP Software)",https://bsa.applytojob.com/apply/dvXDzc11tD/Customer-Solutions-Intern-ERP-Software?utm_source=Simplify&ref=Simplify,Applied
2026-03-24,Hearst,"Intern Product and Engineering, AI Agents & Automation",https://eevd.fa.us6.oraclecloud.com/hcmUI/CandidateExperience/en/sites/CX_1/job/2026346/?utm_source=Simplify,Applied
2026-03-24,SanMar,"IT Intern, AI",https://job-boards.greenhouse.io/sanmar/jobs/5084516007?gh_jid=5084516007&utm_source=Simplify&ref=Simplify,Applied
2026-03-24,"MedElite Group, LLC.","Software Engineering & Product Intern (Summer 2026)",https://job-boards.greenhouse.io/medelitellc/jobs/5164349008?utm_source=Simplify&ref=Simplify,Applied
2026-03-24,Presence,"Product Engineering Intern (Summer 2026)",https://job-boards.greenhouse.io/presencelearning/jobs/8477340002?utm_source=Simplify&ref=Simplify,Applied
2026-03-25,FLIR / Teledyne,"Software Engineering Intern",https://flir.wd1.myworkdayjobs.com/flircareers/job/US---Newark-CA/Software-Engineering-Intern_REQ33272-1?utm_source=Simplify&ref=Simplify,Applied
2026-03-25,Gen Digital,"Software Engineering Intern",https://gen.wd1.myworkdayjobs.com/careers/job/USA---Arizona-Tempe/Software-Engineering-Intern_55324?utm_source=Simplify&ref=Simplify,Applied
2026-03-25,Torch Technologies,"Software Engineer Intern - Summer 2026",https://starfish.wd501.myworkdayjobs.com/Careers/job/Huntsville-AL/Software-Engineer-Intern---Summer-2026_R826?utm_source=Simplify&ref=Simplify,Applied
2026-03-26,Energy Vault,"Intern Software Engineer",https://jobs.lever.co/EnergyVault/6df5f1b9-8fce-4717-aaa0-98768ef28eeb/apply?utm_source=Simplify&ref=Simplify,Applied
2026-03-26,Lindy,"Intern Engineering",https://jobs.ashbyhq.com/lindy/a8e64e62-ecbf-4fbb-bfe8-655633710f20/application?utm_source=Simplify&ref=Simplify,Applied
2026-03-27,IBM,"Application Developer Intern - 2026 Azure Cloud Migration",https://careers.ibm.com/en_US/careers/JobApplication?jobId=89826&utm_source=Simplify&ref=Simplify,Applied
2026-03-27,MQ Referrals Only,"Product Security Engineering Intern",https://job-boards.greenhouse.io/mqreferrals/jobs/7644983?utm_source=Simplify&ref=Simplify,Applied
2026-04-01,Strata Decision Technology,"Intern, Software Engineering",https://job-boards.greenhouse.io/stratacareers/jobs/7685893003,Applied
2026-04-01,Altom Transport,"Summer 2026 Software Development Intern",https://apply.workable.com/altom-transport/j/CCBCDB1197/apply/,Applied
2026-04-01,Al Warren Oil Company,"Software Developer - Summer Internship 2026",https://apply.workable.com/al-warren-oil-company-inc/j/1523EB2B8B/apply/,Applied
2026-04-01,Altom Transport,"Summer 2026 Software Development Intern",https://apply.workable.com/altom-transport/j/7398D5FB11/apply/,Applied
2026-04-01,Altom Transport,"Summer 2026 Software Development Intern",https://apply.workable.com/altom-transport/j/4D70F68A2B/apply/,Applied
2026-04-01,Best Egg,"2026 Summer Internship - Software Engineer Intern",https://jobs.lever.co/BestEgg/3b828fc3-4fb0-49e8-9832-458c1fd437a9/apply,Applied
2026-04-01,Reply,"Industry 4.0 Engineer Intern",https://jobs.lever.co/reply/aec47b06-f377-4721-b60c-c2d3d393386f/apply,Applied
2026-04-01,Bot Auto,"Intern, Software Engineer(Data Infrastructure)",https://job-boards.greenhouse.io/botauto/jobs/5172257008,Applied
